-- MySQL dump 10.13  Distrib 8.0.40, for Win64 (x86_64)
--
-- Host: localhost    Database: university_db
-- ------------------------------------------------------
-- Server version	8.0.40

/*!40101 SET @OLD_CHARACTER_SET_CLIENT=@@CHARACTER_SET_CLIENT */;
/*!40101 SET @OLD_CHARACTER_SET_RESULTS=@@CHARACTER_SET_RESULTS */;
/*!40101 SET @OLD_COLLATION_CONNECTION=@@COLLATION_CONNECTION */;
/*!50503 SET NAMES utf8mb4 */;
/*!40103 SET @OLD_TIME_ZONE=@@TIME_ZONE */;
/*!40103 SET TIME_ZONE='+00:00' */;
/*!40014 SET @OLD_UNIQUE_CHECKS=@@UNIQUE_CHECKS, UNIQUE_CHECKS=0 */;
/*!40014 SET @OLD_FOREIGN_KEY_CHECKS=@@FOREIGN_KEY_CHECKS, FOREIGN_KEY_CHECKS=0 */;
/*!40101 SET @OLD_SQL_MODE=@@SQL_MODE, SQL_MODE='NO_AUTO_VALUE_ON_ZERO' */;
/*!40111 SET @OLD_SQL_NOTES=@@SQL_NOTES, SQL_NOTES=0 */;

--
-- Table structure for table `batch`
--

DROP TABLE IF EXISTS `batch`;
/*!40101 SET @saved_cs_client     = @@character_set_client */;
/*!50503 SET character_set_client = utf8mb4 */;
CREATE TABLE `batch` (
  `id` int NOT NULL AUTO_INCREMENT,
  `year` int DEFAULT NULL,
  `course_id` int DEFAULT NULL,
  PRIMARY KEY (`id`),
  UNIQUE KEY `unique_course_year` (`course_id`,`year`),
  CONSTRAINT `batch_ibfk_1` FOREIGN KEY (`course_id`) REFERENCES `course` (`id`)
) ENGINE=InnoDB AUTO_INCREMENT=38 DEFAULT CHARSET=utf8mb4 COLLATE=utf8mb4_0900_ai_ci;
/*!40101 SET character_set_client = @saved_cs_client */;

--
-- Dumping data for table `batch`
--

LOCK TABLES `batch` WRITE;
/*!40000 ALTER TABLE `batch` DISABLE KEYS */;
INSERT INTO `batch` VALUES (1,2020,1),(2,2021,1),(3,2022,1),(4,2023,1),(5,2024,1),(6,2025,1),(20,2020,5),(21,2021,5),(22,2022,5),(23,2023,5),(24,2024,5),(25,2025,5),(32,2020,6),(33,2021,6),(34,2022,6),(35,2023,6),(36,2024,6),(37,2025,6);
/*!40000 ALTER TABLE `batch` ENABLE KEYS */;
UNLOCK TABLES;

--
-- Table structure for table `course`
--

DROP TABLE IF EXISTS `course`;
/*!40101 SET @saved_cs_client     = @@character_set_client */;
/*!50503 SET character_set_client = utf8mb4 */;
CREATE TABLE `course` (
  `id` int NOT NULL AUTO_INCREMENT,
  `name` varchar(100) DEFAULT NULL,
  `department_id` int DEFAULT NULL,
  PRIMARY KEY (`id`),
  KEY `department_id` (`department_id`),
  CONSTRAINT `course_ibfk_1` FOREIGN KEY (`department_id`) REFERENCES `department` (`id`)
) ENGINE=InnoDB AUTO_INCREMENT=7 DEFAULT CHARSET=utf8mb4 COLLATE=utf8mb4_0900_ai_ci;
/*!40101 SET character_set_client = @saved_cs_client */;

--
-- Dumping data for table `course`
--

LOCK TABLES `course` WRITE;
/*!40000 ALTER TABLE `course` DISABLE KEYS */;
INSERT INTO `course` VALUES (1,'B.Tech CSE',1),(2,'AI and DS',1),(3,'M.Tech',1),(4,'PhD',1),(5,'IMBA',2),(6,'PhD',2);
/*!40000 ALTER TABLE `course` ENABLE KEYS */;
UNLOCK TABLES;

--
-- Table structure for table `department`
--

DROP TABLE IF EXISTS `department`;
/*!40101 SET @saved_cs_client     = @@character_set_client */;
/*!50503 SET character_set_client = utf8mb4 */;
CREATE TABLE `department` (
  `id` int NOT NULL AUTO_INCREMENT,
  `name` varchar(100) NOT NULL,
  `image` varchar(255) DEFAULT NULL,
  PRIMARY KEY (`id`)
) ENGINE=InnoDB AUTO_INCREMENT=8 DEFAULT CHARSET=utf8mb4 COLLATE=utf8mb4_0900_ai_ci;
/*!40101 SET character_set_client = @saved_cs_client */;

--
-- Dumping data for table `department`
--

LOCK TABLES `department` WRITE;
/*!40000 ALTER TABLE `department` DISABLE KEYS */;
INSERT INTO `department` VALUES (1,'B.Tech CSE','cse.jpg'),(2,'Department of Management Studies','managementstud.jpg'),(3,'Department of English','eng.jpg'),(4,'Department of Computer Science','eng.jpg'),(5,'Department of Teacher Education','botany.jpg'),(6,'Department of Botany','botany.jpg');
/*!40000 ALTER TABLE `department` ENABLE KEYS */;
UNLOCK TABLES;

--
-- Table structure for table `student`
--

DROP TABLE IF EXISTS `student`;
/*!40101 SET @saved_cs_client     = @@character_set_client */;
/*!50503 SET character_set_client = utf8mb4 */;
CREATE TABLE `student` (
  `id` int NOT NULL AUTO_INCREMENT,
  `name` varchar(100) DEFAULT NULL,
  `gender` enum('Male','Female') DEFAULT NULL,
  `department_id` int DEFAULT NULL,
  `enrollment_no` varchar(20) DEFAULT NULL,
  `registration_no` varchar(30) DEFAULT NULL,
  `parentage` varchar(100) DEFAULT NULL,
  `dob` date DEFAULT NULL,
  `category` varchar(20) DEFAULT NULL,
  `batch_id` int DEFAULT NULL,
  PRIMARY KEY (`id`),
  KEY `department_id` (`department_id`),
  KEY `batch_id` (`batch_id`),
  CONSTRAINT `student_ibfk_1` FOREIGN KEY (`department_id`) REFERENCES `department` (`id`),
  CONSTRAINT `student_ibfk_2` FOREIGN KEY (`batch_id`) REFERENCES `batch` (`id`)
) ENGINE=InnoDB AUTO_INCREMENT=190 DEFAULT CHARSET=utf8mb4 COLLATE=utf8mb4_0900_ai_ci;
/*!40101 SET character_set_client = @saved_cs_client */;

--
-- Dumping data for table `student`
--

LOCK TABLES `student` WRITE;
/*!40000 ALTER TABLE `student` DISABLE KEYS */;
INSERT INTO `student` VALUES (11,'AFRAZ ARIF','Male',4,'23048112003','990-NC-2023','ARIF RASHID WANI','2004-04-02','OM',4),(12,'MOHAMMAD RIYAN','Male',4,'23048112004','991-NC-2023','SHABIR HUSSAIN BHAT','2004-04-20','OM',4),(13,'ZAINAB SHAKEEL','Female',4,'23048112005','992-NC-2023','SHAKEEL AH BHAT','2006-02-21','OM',4),(14,'SHAH ARSALAN','Male',4,'23048112006','993-NC-2023','GULZAR AHMAD SHAH','2004-02-16','OM',4),(15,'INFAM MUSHTAQ','Male',4,'23048112007','994-NC-2023','MUSHTAQ AHMAD MALIK','2004-10-15','OM',4),(17,'RUTBA JAVEED','Female',4,'23048112009','996-NC-2023','JAVEED AHMAD DAR','2003-08-28','OM',4),(18,'MUZAIB ARSHAD','Male',4,'23048112010','997-NC-2023','ARSHAD HUSSAIN WANI','2003-11-29','OM',4),(22,'FARHAN NISAR AHANGER','Male',4,'23048112011','998-NC-2023','NISAR AHMAD AHANGER','2004-03-28','OM',4),(24,'AHMAD RASHID','Male',1,'20048112001','981-NC-2020','RASHID AHMAD MIR','2002-01-15','OM',1),(26,'FAHAD HAMEED','Male',1,'20048112003','983-NC-2020','HAMEED AHMAD DAR','2002-03-10','OM',1),(27,'IRAM JAN','Female',1,'20048112004','984-NC-2020','JAN ABDUL RASHID','2002-04-05','OM',1),(28,'YASIR SHAFI','Male',1,'20048112005','985-NC-2020','SHAFI AHMAD MALIK','2002-05-18','OM',1),(29,'NIDA BASHIR','Female',1,'20048112006','986-NC-2020','BASHIR AHMAD WANI','2002-06-22','OM',1),(30,'TARIQ FAROOQ','Male',1,'20048112007','987-NC-2020','FAROOQ AHMAD BHAT','2002-07-09','OM',1),(31,'MEHAK PARVEEN','Female',1,'20048112008','988-NC-2020','PARVEEN AHMAD LONE','2002-08-14','OM',1),(32,'UMAR YOUSUF','Male',1,'20048112009','989-NC-2020','YOUSUF AHMAD KHAN','2002-09-03','OM',1),(33,'SHAISTA RASHID','Female',1,'20048112010','990-NC-2020','RASHID HUSSAIN DAR','2002-10-25','OM',1),(34,'ZUBAIR HAMEED','Male',1,'20048112011','991-NC-2020','HAMEED AHMAD MALIK','2002-11-11','OM',1),(35,'RUBINA JAN','Female',1,'20048112012','992-NC-2020','JAN MUHAMMAD BHAT','2002-12-07','OM',1),(36,'SALMAN KHURSHID','Male',1,'20048112013','993-NC-2020','KHURSHID AHMAD WANI','2002-01-28','OM',1),(37,'AFREEN SHAFI','Female',1,'20048112014','994-NC-2020','SHAFI AHMAD DAR','2002-02-16','OM',1),(38,'IMRAN YASEEN','Male',1,'20048112015','995-NC-2020','YASEEN AHMAD LONE','2002-03-21','OM',1),(39,'SABREENA KHAN','Female',1,'20048112016','996-NC-2020','KHAN ABDUL MAJEED','2002-04-30','OM',1),(40,'ARIF HUSSAIN','Male',1,'20048112017','997-NC-2020','HUSSAIN AHMAD BHAT','2002-05-12','OM',1),(41,'HINA RASHID','Female',1,'20048112018','998-NC-2020','RASHID AHMAD WANI','2002-06-08','OM',1),(42,'MUZAMIL DAR','Male',1,'20048112019','999-NC-2020','DAR ABDUL RAHMAN','2002-07-19','OM',1),(43,'SANA PARVEEN','Female',1,'20048112020','1000-NC-2020','PARVEEN AHMAD KHAN','2002-08-27','OM',1),(64,'SAKHOOOO','Male',2,'21048112001','981-NC-2021','RASHID AHMAD LONE','2003-01-15','OM',2),(66,'FAISAL HAMEED','Male',2,'21048112003','983-NC-2021','HAMEED AHMAD DAR','2003-03-10','OM',2),(70,'TAHIR FAROOQ','Male',2,'21048112007','987-NC-2021','FAROOQ AHMAD BHAT','2003-07-09','OM',2),(71,'MEHWISH PARVEEN','Female',2,'21048112008','988-NC-2021','PARVEEN AHMAD LONE','2003-08-14','OM',2),(72,'USMAN YOUSUF','Male',2,'21048112009','989-NC-2021','YOUSUF AHMAD KHAN','2003-09-03','OM',2),(73,'SHAHEEN RASHID','Female',2,'21048112010','990-NC-2021','RASHID HUSSAIN DAR','2003-10-25','OM',2),(74,'ZAIN HAMEED','Male',2,'21048112011','991-NC-2021','HAMEED AHMAD MALIK','2003-11-11','OM',2),(75,'RUBINA AKHTAR','Female',2,'21048112012','992-NC-2021','AKHTAR MUHAMMAD BHAT','2003-12-07','OM',2),(76,'SALMAN KHURRAM','Male',2,'21048112013','993-NC-2021','KHURRAM AHMAD WANI','2003-01-28','OM',2),(77,'AFREEN SHAH','Female',2,'21048112014','994-NC-2021','SHAH AHMAD DAR','2003-02-16','OM',2),(78,'IMRAN YASEEN','Male',2,'21048112015','995-NC-2021','YASEEN AHMAD LONE','2003-03-21','OM',2),(79,'SABREENA KHATUN','Female',2,'21048112016','996-NC-2021','KHATUN ABDUL MAJEED','2003-04-30','OM',2),(80,'ARIF HUSSAIN','Male',2,'21048112017','997-NC-2021','HUSSAIN AHMAD BHAT','2003-05-12','OM',2),(81,'HINA RASHID','Female',2,'21048112018','998-NC-2021','RASHID AHMAD WANI','2003-06-08','OM',2),(82,'MUZAMIL DAR','Male',2,'21048112019','999-NC-2021','DAR ABDUL RAHMAN','2003-07-19','OM',2),(83,'SANA PARVEEN','Female',2,'21048112020','1000-NC-2021','PARVEEN AHMAD KHAN','2003-08-27','OM',2),(84,'ALI RASHID','Male',2,'21048112001','981-NC-2021','RASHID AHMAD LONE','2003-01-15','OM',2),(85,'SARA KHAN','Female',2,'21048112002','982-NC-2021','KHAN MOHAMMAD YOUSUF','2003-02-20','OM',2),(86,'FAISAL HAMEED','Male',2,'21048112003','983-NC-2021','HAMEED AHMAD DAR','2003-03-10','OM',2),(87,'AYESHA JAN','Female',2,'21048112004','984-NC-2021','JAN ABDUL RASHID','2003-04-05','OM',2),(88,'YOUNIS SHAFI','Male',2,'21048112005','985-NC-2021','SHAFI AHMAD MIR','2003-05-18','OM',2),(89,'NARGIS BASHIR','Female',2,'21048112006','986-NC-2021','BASHIR AHMAD WANI','2003-06-22','OM',2),(90,'TAHIR FAROOQ','Male',2,'21048112007','987-NC-2021','FAROOQ AHMAD BHAT','2003-07-09','OM',2),(91,'MEHWISH PARVEEN','Female',2,'21048112008','988-NC-2021','PARVEEN AHMAD LONE','2003-08-14','OM',2),(92,'USMAN YOUSUF','Male',2,'21048112009','989-NC-2021','YOUSUF AHMAD KHAN','2003-09-03','OM',2),(93,'SHAHEEN RASHID','Female',2,'21048112010','990-NC-2021','RASHID HUSSAIN DAR','2003-10-25','OM',2),(94,'ZAIN HAMEED','Male',2,'21048112011','991-NC-2021','HAMEED AHMAD MALIK','2003-11-11','OM',2),(95,'RUBINA AKHTAR','Female',2,'21048112012','992-NC-2021','AKHTAR MUHAMMAD BHAT','2003-12-07','OM',2),(96,'SALMAN KHURRAM','Male',2,'21048112013','993-NC-2021','KHURRAM AHMAD WANI','2003-01-28','OM',2),(97,'AFREEN SHAH','Female',2,'21048112014','994-NC-2021','SHAH AHMAD DAR','2003-02-16','OM',2),(98,'IMRAN YASEEN','Male',2,'21048112015','995-NC-2021','YASEEN AHMAD LONE','2003-03-21','OM',2),(99,'SABREENA KHATUN','Female',2,'21048112016','996-NC-2021','KHATUN ABDUL MAJEED','2003-04-30','OM',2),(100,'ARIF HUSSAIN','Male',2,'21048112017','997-NC-2021','HUSSAIN AHMAD BHAT','2003-05-12','OM',2),(102,'MUZAMIL DAR','Male',2,'21048112019','999-NC-2021','DAR ABDUL RAHMAN','2003-07-19','OM',2),(105,'SARA BASHIR','Female',3,'22048112002','982-NC-2022','BASHIR ABDUL RAHMAN','2004-02-20','OM',3),(106,'FAISAL YOUSUF','Male',3,'22048112003','983-NC-2022','YOUSUF ABDUL QAYOOM','2004-03-10','OM',3),(107,'AYESHA KHATUN','Female',3,'22048112004','984-NC-2022','KHATUN ABDUL RASHID','2004-04-05','OM',3),(108,'YASIR HAMEED','Male',3,'22048112005','985-NC-2022','HAMEED ABDUL GANI','2004-05-18','OM',3),(109,'NIDA SHAFI','Female',3,'22048112006','986-NC-2022','SHAFI ABDUL HAMEED','2004-06-22','OM',3),(110,'TARIQ RASHID','Male',3,'22048112007','987-NC-2022','RASHID ABDUL KHALIQ','2004-07-09','OM',3),(111,'MEHAK PARVEEN','Female',3,'22048112008','988-NC-2022','PARVEEN ABDUL RASHID','2004-08-14','OM',3),(112,'UMAR FAROOQ','Male',3,'22048112009','989-NC-2022','FAROOQ ABDUL AZIZ','2004-09-03','OM',3),(113,'SHAISTA DAR','Female',3,'22048112010','990-NC-2022','DAR ABDUL LATIF','2004-10-25','OM',3),(114,'ZUBAIR KHAN','Male',3,'22048112011','991-NC-2022','KHAN ABDUL RAHMAN','2004-11-11','OM',3),(115,'RUBINA JAN','Female',3,'22048112012','992-NC-2022','JAN ABDUL RASHID','2004-12-07','OM',3),(116,'SALMAN YASEEN','Male',3,'22048112013','993-NC-2022','YASEEN ABDUL MAJEED','2004-01-28','OM',3),(117,'AFREEN SHAH','Female',3,'22048112014','994-NC-2022','SHAH ABDUL RAHIM','2004-02-16','OM',3),(118,'IMRAN HUSSAIN','Male',3,'22048112015','995-NC-2022','HUSSAIN ABDUL RASHID','2004-03-21','OM',3),(119,'SABREENA KHAN','Female',3,'22048112016','996-NC-2022','KHAN ABDUL MAJEED','2004-04-30','OM',3),(120,'ARIF GULZAR','Male',3,'22048112017','997-NC-2022','GULZAR ABDUL QAYOOM','2004-05-12','OM',3),(121,'HINA PARVEEN','Female',3,'22048112018','998-NC-2022','PARVEEN ABDUL GANI','2004-06-08','OM',3),(122,'MUZAMIL SHAFI','Male',3,'22048112019','999-NC-2022','SHAFI ABDUL RAHMAN','2004-07-19','OM',3),(123,'SANA RASHID','Female',3,'22048112020','1000-NC-2022','RASHID ABDUL LATIF','2004-08-27','OM',3),(124,'AHMAD RAZA','Male',5,'25048112001','981-NC-2025','RAZA ABDUL MAJEED','2005-01-15','OM',5),(125,'SARA HAMEED','Female',5,'25048112002','982-NC-2025','HAMEED ABDUL RAHMAN','2005-02-20','OM',5),(126,'FAISAL KHAN','Male',5,'25048112003','983-NC-2025','KHAN ABDUL QAYOOM','2005-03-10','OM',5),(127,'AYESHA LONE','Female',5,'25048112004','984-NC-2025','LONE ABDUL RASHID','2005-04-05','OM',5),(128,'YASIR DAR','Male',5,'25048112005','985-NC-2025','DAR ABDUL GANI','2005-05-18','OM',5),(129,'NIDA MALIK','Female',5,'25048112006','986-NC-2025','MALIK ABDUL HAMEED','2005-06-22','OM',5),(130,'TARIQ WANI','Male',5,'25048112007','987-NC-2025','WANI ABDUL KHALIQ','2005-07-09','OM',5),(131,'MEHAK SHAFI','Female',5,'25048112008','988-NC-2025','SHAFI ABDUL RASHID','2005-08-14','OM',5),(132,'UMAR BHAT','Male',5,'25048112009','989-NC-2025','BHAT ABDUL AZIZ','2005-09-03','OM',5),(133,'SHAISTA KHATUN','Female',5,'25048112010','990-NC-2025','KHATUN ABDUL LATIF','2005-10-25','OM',5),(134,'ZUBAIR DAR','Male',5,'25048112011','991-NC-2025','DAR ABDUL RAHMAN','2005-11-11','OM',5),(135,'RUBINA KHAN','Female',5,'25048112012','992-NC-2025','KHAN ABDUL RASHID','2005-12-07','OM',5),(136,'SALMAN LONE','Male',5,'25048112013','993-NC-2025','LONE ABDUL MAJEED','2005-01-28','OM',5),(137,'AFREEN MALIK','Female',5,'25048112014','994-NC-2025','MALIK ABDUL RAHIM','2005-02-16','OM',5),(138,'IMRAN RASHID','Male',5,'25048112015','995-NC-2025','RASHID ABDUL RASHID','2005-03-21','OM',5),(139,'SABREENA DAR','Female',5,'25048112016','996-NC-2025','DAR ABDUL MAJEED','2005-04-30','OM',5),(140,'ARIF KHAN','Male',5,'25048112017','997-NC-2025','KHAN ABDUL QAYOOM','2005-05-12','OM',5),(141,'HINA LONE','Female',5,'25048112018','998-NC-2025','LONE ABDUL GANI','2005-06-08','OM',5),(142,'MUZAMIL WANI','Male',5,'25048112019','999-NC-2025','WANI ABDUL RAHMAN','2005-07-19','OM',5),(143,'SANA SHAFI','Female',5,'25048112020','1000-NC-2025','SHAFI ABDUL LATIF','2005-08-27','OM',5),(144,'AHMAD RAZA','Male',5,'25048112001','981-NC-2025','RAZA ABDUL MAJEED','2005-01-15','OM',5),(145,'SARA HAMEED','Female',5,'25048112002','982-NC-2025','HAMEED ABDUL RAHMAN','2005-02-20','OM',5),(146,'FAISAL KHAN','Male',5,'25048112003','983-NC-2025','KHAN ABDUL QAYOOM','2005-03-10','OM',5),(147,'AYESHA LONE','Female',5,'25048112004','984-NC-2025','LONE ABDUL RASHID','2005-04-05','OM',5),(148,'YASIR DAR','Male',5,'25048112005','985-NC-2025','DAR ABDUL GANI','2005-05-18','OM',5),(149,'NIDA MALIK','Female',5,'25048112006','986-NC-2025','MALIK ABDUL HAMEED','2005-06-22','OM',5),(150,'TARIQ WANI','Male',5,'25048112007','987-NC-2025','WANI ABDUL KHALIQ','2005-07-09','OM',5),(151,'MEHAK SHAFI','Female',5,'25048112008','988-NC-2025','SHAFI ABDUL RASHID','2005-08-14','OM',5),(152,'UMAR BHAT','Male',5,'25048112009','989-NC-2025','BHAT ABDUL AZIZ','2005-09-03','OM',5),(153,'SHAISTA KHATUN','Female',5,'25048112010','990-NC-2025','KHATUN ABDUL LATIF','2005-10-25','OM',5),(154,'ZUBAIR DAR','Male',5,'25048112011','991-NC-2025','DAR ABDUL RAHMAN','2005-11-11','OM',5),(155,'RUBINA KHAN','Female',5,'25048112012','992-NC-2025','KHAN ABDUL RASHID','2005-12-07','OM',5),(156,'SALMAN LONE','Male',5,'25048112013','993-NC-2025','LONE ABDUL MAJEED','2005-01-28','OM',5),(157,'AFREEN MALIK','Female',5,'25048112014','994-NC-2025','MALIK ABDUL RAHIM','2005-02-16','OM',5),(158,'IMRAN RASHID','Male',5,'25048112015','995-NC-2025','RASHID ABDUL RASHID','2005-03-21','OM',5),(159,'SABREENA DAR','Female',5,'25048112016','996-NC-2025','DAR ABDUL MAJEED','2005-04-30','OM',5),(160,'ARIF KHAN','Male',5,'25048112017','997-NC-2025','KHAN ABDUL QAYOOM','2005-05-12','OM',5),(161,'HINA LONE','Female',5,'25048112018','998-NC-2025','LONE ABDUL GANI','2005-06-08','OM',5),(162,'MUZAMIL WANI','Male',5,'25048112019','999-NC-2025','WANI ABDUL RAHMAN','2005-07-19','OM',5),(163,'SANA SHAFI','Female',5,'25048112020','1000-NC-2025','SHAFI ABDUL LATIF','2005-08-27','OM',5),(164,'AHMAD YASIR','Male',6,'26048112001','981-NC-2026','YASIR ABDUL MAJEED','2006-01-15','OM',6),(165,'SARA RAZA','Female',6,'26048112002','982-NC-2026','RAZA ABDUL RAHMAN','2006-02-20','OM',6),(166,'FAISAL DAR','Male',6,'26048112003','983-NC-2026','DAR ABDUL QAYOOM','2006-03-10','OM',6),(167,'AYESHA KHAN','Female',6,'26048112004','984-NC-2026','KHAN ABDUL RASHID','2006-04-05','OM',6),(168,'YUSUF MALIK','Male',6,'26048112005','985-NC-2026','MALIK ABDUL GANI','2006-05-18','OM',6),(169,'NIDA LONE','Female',6,'26048112006','986-NC-2026','LONE ABDUL HAMEED','2006-06-22','OM',6),(170,'TARIQ SHAFI','Male',6,'26048112007','987-NC-2026','SHAFI ABDUL KHALIQ','2006-07-09','OM',6),(171,'MEHAK BHAT','Female',6,'26048112008','988-NC-2026','BHAT ABDUL RASHID','2006-08-14','OM',6),(172,'UMAR WANI','Male',6,'26048112009','989-NC-2026','WANI ABDUL AZIZ','2006-09-03','OM',6),(173,'SHAISTA RAZA','Female',6,'26048112010','990-NC-2026','RAZA ABDUL LATIF','2006-10-25','OM',6),(174,'ZUBAIR KHATUN','Male',6,'26048112011','991-NC-2026','KHATUN ABDUL RAHMAN','2006-11-11','OM',6),(175,'RUBINA DAR','Female',6,'26048112012','992-NC-2026','DAR ABDUL RASHID','2006-12-07','OM',6),(176,'SALMAN KHAN','Male',6,'26048112013','993-NC-2026','KHAN ABDUL MAJEED','2006-01-28','OM',6),(177,'AFREEN MALIK','Female',6,'26048112014','994-NC-2026','MALIK ABDUL RAHIM','2006-02-16','OM',6),(178,'IMRAN LONE','Male',6,'26048112015','995-NC-2026','LONE ABDUL RASHID','2006-03-21','OM',6),(179,'SABREENA SHAFI','Female',6,'26048112016','996-NC-2026','SHAFI ABDUL MAJEED','2006-04-30','OM',6),(180,'ARIF BHAT','Male',6,'26048112017','997-NC-2026','BHAT ABDUL QAYOOM','2006-05-12','OM',6),(181,'HINA WANI','Female',6,'26048112018','998-NC-2026','WANI ABDUL GANI','2006-06-08','OM',6),(182,'MUZAMIL KHAN','Male',6,'26048112019','999-NC-2026','KHAN ABDUL RAHMAN','2006-07-19','OM',6),(183,'SANA DAR','Female',6,'26048112020','1000-NC-2026','DAR ABDUL LATIF','2006-08-27','OM',6),(184,'AHMAD ZUBAIR','Male',1,'20048112001','998-NC-2001','ZUBAIR ABDUL MAJEED','2003-07-23','OM',1),(185,'FARHAN NISAR AHANGER','Male',1,'20048112001','998-NC-2023','ZUBAIR ABDUL MAJEED','2000-02-12','OM',1),(187,'botany','Male',2,'20048112001','981-NC-2020','NISAR AHMAD AHANGER','2000-02-12','OM',20),(188,'salman','Male',2,'21048112001','998-NC-2023','NISAR AHMAD AHANGER','2003-02-12','OM',33),(189,'FARHAN NISAR AHANGER','Male',1,'20048112001','981-NC-2020','HAMEED AHMAD LONE','2005-02-12','OM',1);
/*!40000 ALTER TABLE `student` ENABLE KEYS */;
UNLOCK TABLES;

--
-- Table structure for table `teacher`
--

DROP TABLE IF EXISTS `teacher`;
/*!40101 SET @saved_cs_client     = @@character_set_client */;
/*!50503 SET character_set_client = utf8mb4 */;
CREATE TABLE `teacher` (
  `id` int NOT NULL AUTO_INCREMENT,
  `username` varchar(50) NOT NULL,
  `password` varchar(100) NOT NULL,
  `name` varchar(100) DEFAULT NULL,
  PRIMARY KEY (`id`),
  UNIQUE KEY `username` (`username`)
) ENGINE=InnoDB AUTO_INCREMENT=3 DEFAULT CHARSET=utf8mb4 COLLATE=utf8mb4_0900_ai_ci;
/*!40101 SET character_set_client = @saved_cs_client */;

--
-- Dumping data for table `teacher`
--

LOCK TABLES `teacher` WRITE;
/*!40000 ALTER TABLE `teacher` DISABLE KEYS */;
INSERT INTO `teacher` VALUES (1,'Dr Manzoor','manzoorsir@123','Dr. Manzoor Ahmad Lone'),(2,'salaman12','msalmank12','salmankhan');
/*!40000 ALTER TABLE `teacher` ENABLE KEYS */;
UNLOCK TABLES;
/*!40103 SET TIME_ZONE=@OLD_TIME_ZONE */;

/*!40101 SET SQL_MODE=@OLD_SQL_MODE */;
/*!40014 SET FOREIGN_KEY_CHECKS=@OLD_FOREIGN_KEY_CHECKS */;
/*!40014 SET UNIQUE_CHECKS=@OLD_UNIQUE_CHECKS */;
/*!40101 SET CHARACTER_SET_CLIENT=@OLD_CHARACTER_SET_CLIENT */;
/*!40101 SET CHARACTER_SET_RESULTS=@OLD_CHARACTER_SET_RESULTS */;
/*!40101 SET COLLATION_CONNECTION=@OLD_COLLATION_CONNECTION */;
/*!40111 SET SQL_NOTES=@OLD_SQL_NOTES */;

-- Dump completed on 2025-11-23 12:47:46

-- --------------------------------------------------------
-- STEP 1: Create Courses for Empty Departments
-- --------------------------------------------------------

-- Add 'M.A. English' for Department 3 (English)
INSERT INTO course (name, department_id) 
SELECT 'M.A. English', 3 WHERE NOT EXISTS (SELECT * FROM course WHERE name = 'M.A. English');

-- Add 'M.Sc Botany' for Department 6 (Botany)
INSERT INTO course (name, department_id) 
SELECT 'M.Sc Botany', 6 WHERE NOT EXISTS (SELECT * FROM course WHERE name = 'M.Sc Botany');

-- --------------------------------------------------------
-- STEP 2: Create Batches for these new Courses (Year 2024)
-- --------------------------------------------------------

-- Get IDs for the new courses
SET @eng_id = (SELECT id FROM course WHERE name = 'M.A. English' LIMIT 1);
SET @bot_id = (SELECT id FROM course WHERE name = 'M.Sc Botany' LIMIT 1);
SET @mgmt_id = (SELECT id FROM course WHERE department_id = 2 LIMIT 1); -- Assuming IMBA exists

-- Insert Batches if they don't exist
INSERT INTO batch (year, course_id)
SELECT 2024, @eng_id WHERE NOT EXISTS (SELECT * FROM batch WHERE year = 2024 AND course_id = @eng_id);

INSERT INTO batch (year, course_id)
SELECT 2024, @bot_id WHERE NOT EXISTS (SELECT * FROM batch WHERE year = 2024 AND course_id = @bot_id);

-- --------------------------------------------------------
-- STEP 3: Insert Dummy Students
-- --------------------------------------------------------

-- Get Batch IDs
SET @eng_batch = (SELECT id FROM batch WHERE course_id = @eng_id AND year = 2024 LIMIT 1);
SET @bot_batch = (SELECT id FROM batch WHERE course_id = @bot_id AND year = 2024 LIMIT 1);
SET @mgmt_batch = (SELECT id FROM batch WHERE course_id = @mgmt_id AND year = 2024 LIMIT 1);

-- STUDENTS FOR DEPARTMENT OF MANAGEMENT (Regular & Distance mix)
INSERT INTO student (name, gender, enrollment_no, category, batch_id, mode) VALUES 
('Rahul Sharma', 'Male', 'MGMT-001', 'General', @mgmt_batch, 'Regular'),
('Priya Verma', 'Female', 'MGMT-002', 'General', @mgmt_batch, 'Regular'),
('Amit Patel', 'Male', 'MGMT-003', 'EWS', @mgmt_batch, 'Regular'),
('Sneha Gupta', 'Female', 'MGMT-004', 'OBC', @mgmt_batch, 'Regular'),
('Vikram Singh', 'Male', 'MGMT-005', 'SC', @mgmt_batch, 'Distance'),
('Rohan Das', 'Male', 'MGMT-006', 'General', @mgmt_batch, 'Distance'),
('Anita Roy', 'Female', 'MGMT-007', 'ST', @mgmt_batch, 'Distance'),
('Karan Johar', 'Transgender', 'MGMT-008', 'OBC', @mgmt_batch, 'Regular'),
('Simran Kaur', 'Female', 'MGMT-009', 'General', @mgmt_batch, 'Regular'),
('Arjun Reddy', 'Male', 'MGMT-010', 'EWS', @mgmt_batch, 'Regular');

-- STUDENTS FOR DEPARTMENT OF ENGLISH (Mostly Regular)
INSERT INTO student (name, gender, enrollment_no, category, batch_id, mode) VALUES 
('John Doe', 'Male', 'ENG-001', 'General', @eng_batch, 'Regular'),
('Emily Blunt', 'Female', 'ENG-002', 'General', @eng_batch, 'Regular'),
('Robert Frost', 'Male', 'ENG-003', 'SC', @eng_batch, 'Regular'),
('Sylvia Plath', 'Female', 'ENG-004', 'ST', @eng_batch, 'Regular'),
('Oscar Wilde', 'Transgender', 'ENG-005', 'OBC', @eng_batch, 'Regular'),
('Jane Austen', 'Female', 'ENG-006', 'EWS', @eng_batch, 'Regular'),
('Mark Twain', 'Male', 'ENG-007', 'General', @eng_batch, 'Distance'),
('Virginia Woolf', 'Female', 'ENG-008', 'General', @eng_batch, 'Distance');

-- STUDENTS FOR DEPARTMENT OF BOTANY (Mostly Distance)
INSERT INTO student (name, gender, enrollment_no, category, batch_id, mode) VALUES 
('Green Leaf', 'Male', 'BOT-001', 'General', @bot_batch, 'Regular'),
('Rose Petal', 'Female', 'BOT-002', 'OBC', @bot_batch, 'Regular'),
('Basil Herb', 'Transgender', 'BOT-003', 'SC', @bot_batch, 'Distance'),
('Lily Flower', 'Female', 'BOT-004', 'ST', @bot_batch, 'Distance'),
('Cactus Jack', 'Male', 'BOT-005', 'General', @bot_batch, 'Distance'),
('Daisy Duck', 'Female', 'BOT-006', 'General', @bot_batch, 'Distance'),
('Fern Plant', 'Male', 'BOT-007', 'EWS', @bot_batch, 'Distance');
